Statement,Type of Fallacy
"After I changed my study environment, my concentration improved. Thus, the new environment must enhance focus.",False Cause
"The company started offering healthy snacks in the break room, and then employee health improved.",False Cause
"After I switched to a different brand of soap, my skin feels smoother. Thus, the new soap must be gentler.",False Cause
"Every time I wear red, I receive compliments. Thus, wearing red must make me more appealing.",False Cause
"They started being accountable in a better future, and then we created a better future.",False Cause
"He started using a standing desk, and then his back pain went away.",False Cause
"He started working towards a better future, and then we created a better future.",False Cause
"She started listening to self-help podcasts, and then her life improved.",False Cause
"Since I started using a different brand of body lotion, my skin feels more elastic. Therefore, the new lotion must be skin-tightening.",False Cause
"Whenever I eat spicy food, I sweat a lot. Spicy food must be the cause of excessive sweating.",False Cause
"She started taking a power nap every afternoon, and then her productivity increased.",False Cause
"Every time I wear a particular scarf, the weather seems to be nicer. Therefore, the scarf must influence the weather.",False Cause
"She started being strong in a better future, and then we created a better future.",False Cause
"Since I started using a different brand of hand cream, my nails have become stronger. Thus, the new hand cream must be fortifying.",False Cause
"Every time I wear a specific hat, people compliment my outfit. Thus, the hat must enhance my fashion sense.",False Cause
"After I changed my morning routine, I feel more energetic throughout the day. Thus, the new routine must boost energy levels.",False Cause
"The company started being prosperous in a better future, and then we created a better future.",False Cause
"Whenever I drink a specific type of tea, I feel more alert. Therefore, the tea must be awakening.",False Cause
"After I changed my workout routine, I seem to have more luck with reaching fitness goals. Thus, the new routine must bring luck with health.",False Cause
"They started using a collaborative software platform, and then team communication improved.",False Cause
"They started working with the United Nations to address environmental issues, and then they made a positive impact on the world.",False Cause
"He wore a specific brand of shoes when he ran his fastest marathon, so those shoes must make him run faster.",False Cause
"They started offering a money-back guarantee, and then sales increased.",False Cause
"They started being honest in a better future, and then we created a better future.",False Cause
"Since I began using a different brand of deodorant, I haven't had body odor. Hence, the new deodorant must be odor-blocking.",False Cause
"She got sick right after eating that sushi, so the sushi must have been bad.",False Cause
"He opened an umbrella indoors and then had a string of bad luck, so opening umbrellas inside must be unlucky.",False Cause
"Every time I take a different route to work, I arrive early. Therefore, changing my route reduces my commute time.",False Cause
"After I switched to a different brand of mouthwash, my breath seems fresher. Thus, the new mouthwash must be more effective.",False Cause
"There was a power outage during the thunderstorm, so the thunderstorm must have caused the outage.",False Cause
"They started fighting for a better future, and then we created a better future.",False Cause
"The crime rate has increased since they opened that new community center, so the center must be attracting criminals.",False Cause
"The company started implementing sustainable business practices, and then their environmental impact decreased.",False Cause
"Since I switched to organic food, I feel healthier. Therefore, organic food must be the key to good health.",False Cause
"He joined a Toastmasters club, and then he became a more confident public speaker.",False Cause
"He started working with parents to address environmental issues, and then he made a positive impact on the world.",False Cause
"Since I began using a different brand of shampoo, my hair seems shinier. Hence, the new shampoo must be enhancing shine.",False Cause
"Every time I wear my lucky charm, I seem to have better luck with job interviews. Therefore, the charm must bring luck with careers.",False Cause
"After I changed my morning routine, I seem to have more luck with customer service. Thus, the new routine must bring luck with support.",False Cause
"He started volunteering at a local soup kitchen, and then he helped to reduce hunger in his community.",False Cause
"Whenever I carry an umbrella, it seems to rain. Therefore, my umbrella must be causing the rain.",False Cause
"The school implemented a new dress code, and then there were fewer disciplinary problems.",False Cause
"He started being understanding in a better future, and then we created a better future.",False Cause
"She started speaking at conferences, and then she became a thought leader in her industry.",False Cause
"They implemented a zero-waste policy, and then they reduced their waste to landfill.",False Cause
"Every time I wear my lucky charm bracelet, I seem to have better luck in meetings. Therefore, the bracelet must bring good fortune in business.",False Cause
"They installed air purifiers in the office, and then employee allergy symptoms decreased.",False Cause
"Every time I wear my lucky hat, my team wins. Therefore, my hat must bring good luck.",False Cause
"Since I started using a different brand of moisturizer, my skin has become less oily. Hence, the new moisturizer must reduce oiliness.",False Cause
"Every time I carry an umbrella, it rains. Therefore, my carrying the umbrella causes the rain.",False Cause
"He started working with investors to address environmental issues, and then he made a positive impact on the world.",False Cause
"The city council passed a law banning smoking in public places, and then the air quality improved.",False Cause
"The company started working with designers to address environmental issues, and then they made a positive impact on the world.",False Cause
"They started working with indigenous communities to address environmental issues, and then they made a positive impact on the world.",False Cause
"Whenever I eat before bed, I sleep better. Thus, eating before bed improves sleep quality.",False Cause
"Every time I wear my lucky ring, I seem to have better luck with investments. Therefore, the ring must bring luck with finances.",False Cause
"She always gets a parking ticket when she parks on Elm Street, so Elm Street must be cursed.",False Cause
"He started believing that he could make a difference, and then he made a positive impact on the world.",False Cause
"They installed a water fountain in the office, and then employee hydration levels improved.",False Cause
"They started offering free shipping, and then sales increased.",False Cause
"He started reducing his consumption, and then he made a positive impact on the world.",False Cause
"They installed speed bumps on the street, and then there were fewer accidents.",False Cause
"He started wearing a copper bracelet, and then his arthritis pain went away.",False Cause
"He started using a new dating app, and then he found the love of his life.",False Cause
"Since I began using a different brand of facial cleanser, my skin looks clearer. Hence, the new cleanser must be clarifying.",False Cause
"The company started working with the World Trade Organization to address environmental issues, and then they made a positive impact on the world.",False Cause
"Every time I wear my lucky bracelet, my plants seem to thrive. Therefore, the bracelet must bring luck with gardening.",False Cause
"He started using the Internet of Things (IoT) to collect data and improve operations, and then efficiency increased.",False Cause
"Whenever I eat a certain food before a workout, I feel stronger. Thus, the food must enhance physical strength.",False Cause
"She started doing yoga every morning, and then she got a raise.",False Cause
"She started using a blue light filter on her computer, and then her sleep quality improved.",False Cause
"She started using her purchasing power to support sustainable businesses, and then she made a positive impact on the world.",False Cause
"Since I started using a different brand of face mask, my skin looks more radiant. Thus, the new face mask must enhance skin glow.",False Cause
"She started offering discounts to new customers, and then she acquired more customers.",False Cause
"Whenever I listen to a particular genre of music while working out, I feel more motivated. Therefore, the music must enhance motivation.",False Cause
"The company started working with consumers to address environmental issues, and then they made a positive impact on the world.",False Cause
"They started using essential oils in the office, and then employee productivity increased.",False Cause
"They started being grateful in a better future, and then we created a better future.",False Cause
"Since I began using a different brand of facial cleanser, my skin appears clearer. Therefore, the new cleanser must be clarifying.",False Cause
"She started making small changes in her own life to address environmental issues, and then she made a positive impact on the world.",False Cause
"He started working with writers to address environmental issues, and then he made a positive impact on the world.",False Cause
"After I started using a specific hand cream, my hands became softer. Therefore, the hand cream must be responsible for softer hands.",False Cause
"He broke a mirror and then had seven years of bad luck, proving mirrors bring misfortune.",False Cause
"Since I began using a different brand of face cream, my skin feels firmer. Therefore, the new cream must be firming.",False Cause
"Every time I eat ice cream, I get a brain freeze. Therefore, ice cream causes brain freezes.",False Cause
"The school implemented a new anti-bullying program, and then there were fewer reports of bullying.",False Cause
"After I stopped eating gluten, my headaches went away. Gluten must have been causing my headaches.",False Cause
"Every time I wear a certain color, I receive compliments on my appearance. Therefore, the color must be flattering.",False Cause
"Whenever I drink a certain brand of energy drink, I feel more focused. Therefore, the energy drink must be concentration-enhancing.",False Cause
"Every time I wear my lucky necklace, I seem to have better luck with job interviews. Hence, the necklace must bring luck with careers.",False Cause
"After I changed my study environment, I seem to have more luck with understanding complex concepts. Thus, the new environment must enhance comprehension.",False Cause
"Since I started using a different brand of body scrub, my skin feels softer after exfoliating. Hence, the new scrub must be gentler.",False Cause
"After I switched to a different brand of body spray, I receive more compliments. Therefore, the new body spray must be more appealing.",False Cause
"After I changed my workout routine, I seem to have more luck with fitness goals. Thus, the new routine must bring luck with health.",False Cause
"Since I started using a different brand of face mask, my skin feels firmer. Thus, the new face mask must be firming.",False Cause
"They started using affiliate marketing to generate more leads, and then sales increased.",False Cause
"Every time I wear my lucky bracelet, my plants seem to thrive. Hence, the bracelet must bring luck with gardening.",False Cause
"The company started offering employees paid time off to volunteer for environmental causes, and then they made a positive impact on the world.",False Cause
"The company started offering flexible work hours, and then employee turnover decreased.",False Cause
"Every time I wear a specific pair of shoes, I seem to walk faster. Thus, the shoes must improve walking speed.",False Cause
"Since I started using a different brand of conditioner, my hair feels silkier. Thus, the new conditioner must be smoothing.",False Cause
"She started using sustainable materials, and then their environmental impact decreased.",False Cause
"Whenever I exercise in the evening, I sleep better at night. Thus, evening exercise must improve sleep quality.",False Cause
"After I changed my study method, my grades improved. Therefore, the new study method must be more effective.",False Cause
"Whenever I drink a certain brand of energy drink, I feel more productive. Hence, the energy drink must boost productivity.",False Cause
"They started playing Mozart in the classroom, and then the students' test scores improved.",False Cause
"She started being trustworthy in a better future, and then we created a better future.",False Cause
"The company started offering employees discounts on gym memberships, and then employee fitness levels improved.",False Cause
"She started using a vision board, and then she achieved her goals.",False Cause
"He prayed for a sunny day, and then the sun came out.",False Cause
"My computer crashed right after I installed the new software, so the software must have caused it.",False Cause
"He started loving in a better future, and then we created a better future.",False Cause
"Our sales have gone up since we hired a new salesperson, so she must be the reason for the success.",False Cause
"He started sleeping with a Himalayan salt lamp, and then he started sleeping better.",False Cause
"Every time I wear my lucky bracelet, I seem to find parking spots easily. Therefore, the bracelet must bring luck with parking.",False Cause
"She started biking to work, and then she reduced her carbon footprint.",False Cause
"Whenever I drink a certain type of smoothie, my digestion improves. Therefore, the smoothie must aid in digestion.",False Cause
"Since I began using a different brand of detergent, my skin allergies disappeared. Thus, the new detergent must be hypoallergenic.",False Cause
"She started using drones to deliver products, and then delivery times decreased.",False Cause
"Every time I wear my lucky ring, good news seems to come my way. Therefore, the ring must bring positive events.",False Cause
"He started using a password manager, and then his online security improved.",False Cause
"He touched a butterfly and then won the lottery, so butterflies must bring good luck.",False Cause
"Whenever I study with classical music playing, I perform better on tests. Classical music must enhance my cognitive abilities.",False Cause
"The crime rate decreased after they built that new prison, so the prison must be deterring crime.",False Cause
"After switching to a vegan diet, my skin cleared up. Veganism must be the solution to acne.",False Cause
"After I switched to a different brand of body lotion, my skin feels softer. Thus, the new lotion must be moisturizing.",False Cause
"Ever since we installed the new software, our sales have increased. Therefore, the new software is the reason for our increased sales.",False Cause
"She started taking a time management course, and then she became more productive at work.",False Cause
"They installed a new playground, and then the crime rate in the neighborhood went down.",False Cause
"He started delegating tasks to his team, and then he had more time to focus on strategic initiatives.",False Cause
"Every time I wear my lucky necklace, my plants seem to thrive. Therefore, the necklace must bring luck with gardening.",False Cause
"They started believing that we could all make a difference, and then we made a positive impact on the world.",False Cause
"Since I began using a different type of pillow, I've had fewer neck pains. Hence, the new pillow must prevent neck pain.",False Cause
"They started using a new project management software, and then they completed projects on time and under budget.",False Cause
"Every time I wear a particular perfume, people compliment me. Thus, the perfume must make me more attractive.",False Cause
"She started donating to charities that support environmental causes, and then she made a positive impact on the world.",False Cause
"She started working with governments to address environmental issues, and then she made a positive impact on the world.",False Cause
"He started using artificial intelligence (AI) to personalize the customer experience, and then sales increased.",False Cause
"She started using webinars to educate potential customers, and then sales increased.",False Cause
"Whenever I drink a particular type of tea, I feel more relaxed. Therefore, the tea must have calming properties.",False Cause
"He joined a gym, and then he lost weight and improved his fitness level.",False Cause
"Whenever I listen to a specific type of music, I feel more motivated. Thus, the music must be motivation-enhancing.",False Cause
"Every time I wear a certain perfume, people compliment me. Therefore, the perfume must make me more attractive.",False Cause
"Every time I watch a scary movie, I have nightmares. Therefore, scary movies cause nightmares.",False Cause
"They started working with other multilateral organizations to address environmental issues, and then they made a positive impact on the world.",False Cause
"The company started offering employees healthy snacks, and then employee health insurance premiums went down.",False Cause
"Since I started using a different brand of soap, my skin has become softer. Therefore, the new soap must be responsible for softer skin.",False Cause
"She tripped and fell after walking under a ladder, proving ladders bring bad luck.",False Cause
"They started using virtual reality (VR) to give customers a more immersive experience, and then sales increased.",False Cause
"I sneezed twice, so it must be true what they were saying about me.",False Cause
"After I switched to a different brand of laundry detergent, my clothes feel softer. Therefore, the new detergent must be fabric softening.",False Cause
"Since I started using a different brand of body lotion, my skin feels more hydrated. Thus, the new lotion must be moisturizing.",False Cause
"They built a new bike path, and then more people started cycling to work.",False Cause
"They installed a rainwater harvesting system, and then they reduced their water usage.",False Cause
"She started using a gratitude journal, and then she felt happier and more optimistic.",False Cause
"Every time I wear my lucky socks, I find money on the ground. Hence, my socks must bring good fortune.",False Cause
"Every time I wear my lucky necklace, my plants seem to flourish. Thus, the necklace must bring luck with gardening.",False Cause
"Since I began using a different brand of face mask, my complexion seems to glow more. Thus, the new face mask must be radiance-enhancing.",False Cause
"Every time I wear my lucky necklace, good things seem to happen. Hence, the necklace must bring good fortune.",False Cause
"He started being moral in a better future, and then we created a better future.",False Cause
"She started using a content marketing strategy, and then website traffic increased.",False Cause
"They implemented a diversity and inclusion program, and then they created a more welcoming and inclusive workplace.",False Cause
"Every time I take a certain route to work, I arrive early. Thus, taking that route must shorten commute time.",False Cause
"The company started believing that they could make a difference, and then they made a positive impact on the world.",False Cause
"They started being creative in a better future, and then we created a better future.",False Cause
"Since I switched to a different brand of dish soap, my dishes seem cleaner. Thus, the new dish soap must be more effective.",False Cause
"They started sponsoring local events, and then brand awareness increased.",False Cause
"He started using a safety razor, and then he reduced his waste and saved money on disposable razors.",False Cause
"He started carrying a rabbit's foot and then got a raise, so the rabbit's foot must be lucky.",False Cause
"She started hoping for a better future, and then we created a better future.",False Cause
"They started partnering with environmental organizations, and then they made a positive impact on the world.",False Cause
"The company started working with families to address environmental issues, and then they made a positive impact on the world.",False Cause
"Whenever I eat a specific type of fruit, my energy levels increase. Thus, the fruit must be energy-boosting.",False Cause
"Whenever I drink a specific type of tea, my headaches disappear. Hence, the tea must be headache-relieving.",False Cause
"Every time I wash my car, it rains, so washing my car must cause rain.",False Cause
"Since I started using a different brand of body wash, my skin feels smoother. Hence, the new body wash must be exfoliating.",False Cause
"After I switched to a different brand of laundry detergent, my clothes seem to retain their color better. Thus, the new detergent must be color-preserving.",False Cause
"He started taking improv classes, and then he became more confident in social situations.",False Cause
"He started being inclusive in a better future, and then we created a better future.",False Cause
"Since I started using a different brand of body lotion, my skin feels smoother. Thus, the new lotion must be moisturizing.",False Cause
"Since I began using a different moisturizer, my skin feels smoother. Therefore, the new moisturizer must be the reason for smoother skin.",False Cause
"Whenever I eat a specific type of fruit, my mood improves. Hence, the fruit must be mood-enhancing.",False Cause
"Whenever I drink coffee, I feel more alert. Thus, coffee must enhance alertness.",False Cause
"Every time I wear my lucky necklace, my plants seem to flourish. Therefore, the necklace must bring luck with gardening.",False Cause
"He started being curious in a better future, and then we created a better future.",False Cause
"Every time I wear my lucky charm, I seem to have better luck with public speaking. Therefore, the charm must bring luck with communication.",False Cause
"She started educating others about environmental issues, and then she made a positive impact on the world.",False Cause
"Every time I wear a specific ring, I seem to have better interactions with people. Thus, the ring must attract positive energy.",False Cause
"After I switched to a different brand of laundry detergent, my clothes seem softer. Hence, the new detergent must be fabric softening.",False Cause
"She started taking a yoga class, and then her back pain disappeared.",False Cause
"He got promoted after placing a lucky bamboo plant on his desk, so the plant must be lucky.",False Cause
"Since I started using a different brand of deodorant, I haven't had body odor. Therefore, the new deodorant must be more effective.",False Cause
"She started using a menstrual cup, and then she reduced her waste and saved money on disposable products.",False Cause
"They started being compassionate in a better future, and then we created a better future.",False Cause
"Since I started using a different brand of body scrub, my skin feels smoother. Thus, the new scrub must be exfoliating.",False Cause
"Whenever I drink a specific type of smoothie, I feel more refreshed. Hence, the smoothie must be rejuvenating.",False Cause
"She started donating blood regularly, and then she helped to save lives.",False Cause
"He started working with NGOs to address environmental issues, and then he made a positive impact on the world.",False Cause
"She started working with philanthropists to address environmental issues, and then she made a positive impact on the world.",False Cause
"After I changed my study location, my concentration improved. Thus, the new study location must enhance focus.",False Cause
"She started using augmented reality (AR) to enhance the customer experience, and then sales increased.",False Cause
"Whenever I drink herbal tea before bed, I sleep more soundly. Thus, herbal tea must improve sleep quality.",False Cause
"Every time I wear my favorite perfume, I seem to have better luck with sales. Thus, the perfume must attract customers.",False Cause
"The company started using pay-per-click (PPC) advertising, and then they generated more leads.",False Cause
"She spilled salt and then got into a fight with her friend, so spilling salt must cause arguments.",False Cause
"After I switched to a vegan diet, my cholesterol levels improved. Therefore, veganism must lower cholesterol.",False Cause
"They planted more trees in the neighborhood, and then the summer temperatures were lower.",False Cause
"Whenever I drink coffee before bed, I have trouble sleeping. Coffee must disrupt sleep patterns.",False Cause
"Whenever I drink green smoothies, my skin looks brighter. Hence, green smoothies must improve skin complexion.",False Cause
"He changed his diet, and then his chronic pain disappeared.",False Cause
"They started being united in a better future, and then we created a better future.",False Cause
"She started using a social media blocker, and then her focus and concentration improved.",False Cause
"She started being equitable in a better future, and then we created a better future.",False Cause
"Since I started using a different brand of body wash, my skin seems to have fewer blemishes. Therefore, the new body wash must be clarifying.",False Cause
"They started offering financing options, and then they made their products more affordable.",False Cause
"Whenever I drink a certain type of tea before bed, I sleep more deeply. Thus, the tea must improve sleep quality.",False Cause
"Whenever I drink a specific type of tea, I feel more energized. Hence, the tea must be energy-boosting.",False Cause
"A black cat crossed her path, and then she lost her job.",False Cause
"He started doing random acts of kindness, and then he felt more connected to his community.",False Cause
"He started buying local produce, and then he supported local farmers and reduced transportation emissions.",False Cause
"She started working with scientists to address environmental issues, and then she made a positive impact on the world.",False Cause
"The company started working with countries to address environmental issues, and then they made a positive impact on the world.",False Cause
"He started writing articles for industry publications, and then he became a recognized expert.",False Cause
"I wore my lucky jersey and my team won, so I have to wear it for every game now.",False Cause
"The company started using renewable energy sources, and then they made a positive impact on the world.",False Cause
"After I changed my study environment, my grades improved. Hence, the new study environment must enhance academic performance.",False Cause
"They started investing in social impact initiatives, and then they made a positive impact on the world.",False Cause
"He wore his lucky hat to the casino, and then he won a jackpot.",False Cause
"After I switched to a different brand of body lotion, my skin feels more supple. Hence, the new lotion must be hydrating.",False Cause
"The football team started doing a new pre-game ritual, and then they won the championship.",False Cause
"The company started using blockchain technology to improve security and transparency, and then customer trust increased.",False Cause
"The company started offering employees incentives to carpool or take public transportation, and then they made a positive impact on the world.",False Cause
"He started volunteering for environmental organizations, and then he made a positive impact on the world.",False Cause
"He started being resilient in a better future, and then we created a better future.",False Cause
"The company started being innovative in a better future, and then we created a better future.",False Cause
"The company started using big data to improve their marketing campaigns, and then they got better results.",False Cause
"She started carrying a crystal for protection, and then she avoided a car accident.",False Cause
"She joined a support group, and then her depression symptoms improved.",False Cause
"He failed the test because a black cat crossed his path on the way to school.",False Cause
"He started eating less meat, and then he made a positive impact on the world.",False Cause
"He started volunteering at an animal shelter, and then he felt happier and less stressed.",False Cause
"Every time I wear my lucky socks, I seem to have better luck with finding lost items. Hence, the socks must bring luck with discoveries.",False Cause
"She started working with the World Bank to address environmental issues, and then she made a positive impact on the world.",False Cause
"Since I began using a different brand of face mask, my skin appears brighter. Thus, the new face mask must be illuminating.",False Cause
"I wore mismatched socks and won the lottery, so mismatched socks must be lucky.",False Cause
"He started using a project management software, and then he was able to meet all of his deadlines.",False Cause
"Every time I use a certain brand of shampoo, my hair feels softer. Thus, the shampoo must be responsible for softer hair.",False Cause
"Every time I wear a certain color, I seem to have better luck with public speaking. Hence, the color must bring luck with communication.",False Cause
"Every time I wear my lucky charm necklace, I seem to have better luck finding lost items. Hence, the necklace must aid in finding lost objects.",False Cause
"The dog barked before the earthquake, so dogs must be able to predict natural disasters.",False Cause
"Since I began using a different brand of air freshener, my room smells better. Hence, the new air freshener must be more effective.",False Cause
"Since I began using a different brand of facial serum, my skin appears firmer. Thus, the new serum must be firming.",False Cause
"They started being peaceful in a better future, and then we created a better future.",False Cause
"She started mentoring young women in STEM, and then she helped to close the gender gap in technology fields.",False Cause
"The company started making small changes in their operations to address environmental issues, and then they made a positive impact on the world.",False Cause
"He started taking a photography class, and then he became a professional photographer.",False Cause
"She started drinking alkaline water, and then her skin cleared up.",False Cause
"The company started being transparent in a better future, and then we created a better future.",False Cause
"There were more accidents after they installed the new speed limit signs, so the signs must be causing the accidents.",False Cause
"He started composting food scraps, and then he reduced his household waste.",False Cause
"Whenever I drink a specific type of tea, I feel more relaxed. Therefore, the tea must have calming properties.",False Cause
"Since I began using a different brand of shampoo, my hair appears shinier. Hence, the new shampoo must be enhancing shine.",False Cause
"Since I started meditating regularly, I've been less stressed. Meditation must be the key to reducing stress.",False Cause
"The company started using biodegradable packaging materials, and then they reduced their environmental impact.",False Cause
"After I changed my morning routine, I seem to have more luck with finding parking spots. Thus, the new routine must bring luck with parking.",False Cause
"They started recycling and composting, and then they made a positive impact on the world.",False Cause
"He started using public transportation, biking, or walking, and then he made a positive impact on the world.",False Cause
"After I changed my evening routine, I fall asleep faster. Thus, the new routine must promote quicker sleep onset.",False Cause
"Every time I wear my lucky socks, I seem to have better luck with finding parking spots. Hence, the socks must bring luck with parking.",False Cause
"They implemented a new performance review system, and then employee performance improved.",False Cause
"The company started offering employees paid time off to volunteer, and then they encouraged employee engagement in the community.",False Cause
"The company started offering employees unlimited vacation days, and then employee morale improved.",False Cause
"Whenever I eat a specific type of fruit, my mood improves. Therefore, the fruit must be mood-enhancing.",False Cause
"They started creating a better future, and then we created a better future.",False Cause
"He changed his phone's wallpaper, and then his team won the championship.",False Cause
"Since I started using a different brand of facial scrub, my complexion appears brighter. Hence, the new scrub must be exfoliating.",False Cause
"Since I started using a different brand of face wash, my complexion has cleared up. Therefore, the new face wash must be acne-fighting.",False Cause
"Whenever I eat a banana before exercising, I have more energy. Bananas must enhance physical performance.",False Cause
"The company started using energy-efficient appliances, and then they reduced their energy consumption.",False Cause
"The company started being responsible in a better future, and then we created a better future.",False Cause
"The rooster crows every morning before sunrise, so the rooster must be causing the sun to rise.",False Cause
"The company started being diverse in a better future, and then we created a better future.",False Cause
"The company started working with educators to address environmental issues, and then they made a positive impact on the world.",False Cause
"Every time I wear my lucky necklace, I seem to have better luck with public speaking. Hence, the necklace must bring luck with communication.",False Cause
"The team started winning after I wore my lucky socks, so I must wear them to every game.",False Cause
"Every time I wear my lucky earrings, I seem to have better luck with creative endeavors. Hence, the earrings must bring luck with inspiration.",False Cause
"She started using a standing desk, and then her back pain decreased.",False Cause
"She started using a meditation app, and then her stress levels decreased.",False Cause
"Whenever I eat a certain type of fruit, my mood improves. Hence, the fruit must have mood-boosting properties.",False Cause
"Whenever I listen to a specific song before a presentation, I feel more confident. Therefore, the song boosts my confidence.",False Cause
"After I changed my study desk's position, my concentration improved. Therefore, the new desk position enhances focus.",False Cause
"The company started investing in a better future, and then we created a better future.",False Cause
"After I switched to a new brand of toothpaste, my teeth became whiter. The new toothpaste must be responsible for whiter teeth.",False Cause
"Since I started wearing a fitness tracker, I've lost weight. Therefore, the fitness tracker must be helping me lose weight.",False Cause
"They implemented a no-meeting Friday policy, and then employee productivity increased.",False Cause
"The company started using their platform to raise awareness about environmental issues, and then they made a positive impact on the world.",False Cause
"He stepped on a crack and then broke his mother's back.",False Cause
"After I rearranged the furniture in my room, I started sleeping better. Rearranging the furniture must improve sleep quality.",False Cause
"They installed security cameras in the parking lot, and then there were fewer car break-ins.",False Cause
"Since I began using a different brand of facial cleanser, my skin looks clearer. Thus, the new cleanser must be clarifying.",False Cause
"After I changed my morning routine, I seem to have more luck with technology. Thus, the new routine must bring luck with gadgets.",False Cause
"The company started offering on-site childcare, and then employee morale improved.",False Cause
"The company started using a customer relationship management (CRM) system, and then sales increased.",False Cause
"Since I began using a different brand of facial cleanser, my acne has diminished. Hence, the new cleanser must be acne-fighting.",False Cause
"Every time I wear my lucky socks, my favorite team wins. Therefore, my socks are responsible for their victories.",False Cause
"She started being happy in a better future, and then we created a better future.",False Cause
"The politician always wears a red tie on election day, so the red tie must bring him votes.",False Cause
"Every time I wear a specific pair of shoes, I seem to have better luck in sports. Hence, the shoes must enhance athletic performance.",False Cause
"Whenever I drink a certain brand of energy drink, I feel more energetic. Thus, the energy drink must be energizing.",False Cause
"They implemented a green cleaning program, and then they reduced their exposure to harmful chemicals.",False Cause
"Every time I wear my lucky earrings, I seem to win contests. Therefore, the earrings must bring luck in competitions.",False Cause
"She started meditating, and then her anxiety improved, so meditation must be the cure for anxiety.",False Cause
"After I changed my morning routine, I seem to have more luck with technology. Therefore, the new routine must bring luck with gadgets.",False Cause
"She always gets sick after flying, so flying must make her sick.",False Cause
"They built a new park in the neighborhood, and then property values went up.",False Cause
"Since I started using a different brand of shampoo, my hair has become shinier. Therefore, the new shampoo must be the reason for my shiny hair.",False Cause
"Since I began wearing glasses, my grades have improved. Therefore, wearing glasses must make me smarter.",False Cause
"Every time I wear my lucky ring, I seem to have better luck with sales. Thus, the ring must bring luck with business.",False Cause
"Every time I wear my lucky charm, I seem to have better luck with finding lost items. Therefore, the charm must bring luck with discoveries.",False Cause
"He started taking the stairs instead of the elevator, and then his cardiovascular health improved.",False Cause
"Since I started taking these vitamins, I feel more energetic. Therefore, the vitamins are responsible for my increased energy.",False Cause
"She ate a fortune cookie that predicted good luck, and then she won a contest.",False Cause
"She started supporting local farmers markets, and then she made a positive impact on the world.",False Cause
"There was a full moon the night of the power outage, so full moons must cause power outages.",False Cause
"Since I started using a different brand of body oil, my skin feels smoother to the touch. Hence, the new body oil must be softening.",False Cause
"Whenever I drink a specific type of tea in the morning, I feel more alert. Hence, the tea must be awakening.",False Cause
"Every time I wear my lucky necklace, my plants seem to thrive. Hence, the necklace must bring luck to gardening.",False Cause
"The company started offering employees free financial planning services, and then employee financial stress decreased.",False Cause
"He started working with the International Monetary Fund to address environmental issues, and then he made a positive impact on the world.",False Cause
"Whenever I drink a specific type of tea, my stress levels decrease. Therefore, the tea must be stress-reducing.",False Cause
"The company started offering mindfulness training, and then employee stress levels decreased.",False Cause
"Every time I wear a specific hat, I seem to have better luck with timing. Hence, the hat must bring good timing.",False Cause
"He bought a new car, and then he got a promotion at work.",False Cause
"Since I started using a different brand of shampoo, my hair seems thicker. Thus, the new shampoo must be volumizing.",False Cause
"He started taking breaks every hour to walk around, and then his energy levels improved.",False Cause
"She started using a reusable water bottle, and then she reduced her plastic waste.",False Cause
"The stock market always goes down when he's in office, so he must be bad for the economy.",False Cause
"The stock market went up after the president gave a speech, so his speech must have caused it.",False Cause
"The team started winning after they got a new mascot, so the mascot must be lucky.",False Cause
"The company started offering subscription services, and then they generated recurring revenue.",False Cause
"They started educating their employees about environmental issues, and then they made a positive impact on the world.",False Cause
"Every time I wear my lucky socks, I seem to have better luck with traffic lights. Therefore, the socks must bring luck with traffic.",False Cause
"She started talking to her friends and family about environmental issues, and then she made a positive impact on the world.",False Cause
"The company started building a better future, and then we created a better future.",False Cause
"After I started using a different brand of laundry detergent, my clothes feel softer. The new detergent must be the reason for softer clothes.",False Cause
"Whenever I drink a specific type of smoothie, my energy levels seem to soar. Hence, the smoothie must be energy-boosting.",False Cause
"Whenever I drink a specific type of tea, my headaches go away. Thus, the tea must be a remedy for headaches.",False Cause
"After I started using a different brand of detergent, my clothes seem to last longer. Therefore, the new detergent must increase garment durability.",False Cause
"After I switched to a different brand of toothpaste, my teeth appear whiter. Therefore, the new toothpaste must be whitening.",False Cause
"Since I began using a different brand of body wash, my skin feels more hydrated. Thus, the new body wash must be moisturizing.",False Cause
"After I switched to a different brand of conditioner, my hair became shinier. Thus, the new conditioner must enhance shine.",False Cause
"She started using a planner to organize her day, and then she became more efficient.",False Cause
"After I switched to a different brand of face cream, my wrinkles appear reduced. Hence, the new face cream must be anti-aging.",False Cause
"Every time I wear my lucky bracelet, I seem to have better luck with finding parking spots. Hence, the bracelet must bring luck with parking.",False Cause
"The company started using robots to automate tasks, and then productivity increased.",False Cause
"They started succeeding in a better future, and then we created a better future.",False Cause
"They started using email marketing to communicate with customers, and then customer retention increased.",False Cause
"After I started using a different brand of face wash, my acne cleared up. Hence, the new face wash must be the solution to acne.",False Cause
"The company started using influencer marketing to reach a wider audience, and then sales increased.",False Cause
"He started using search engine optimization (SEO) techniques, and then his website ranking improved.",False Cause
"Whenever I eat a specific type of fruit, my digestion seems to improve. Hence, the fruit must aid in digestion.",False Cause
"Every time I wear my favorite perfume, I receive compliments. Hence, the perfume must make me more attractive.",False Cause
"They started investing in clean technologies, and then they made a positive impact on the world.",False Cause
"She started eating organic food, and then she got pregnant, so organic food must increase fertility.",False Cause
"They started planting trees, and then they made a positive impact on the world.",False Cause
"After I switched to a different brand of mouthwash, my breath stays fresh longer. Thus, the new mouthwash must be longer-lasting.",False Cause
"She started dreaming of a better future, and then we created a better future.",False Cause
"Since I began using a different face mask, my pores appear smaller. Therefore, the new face mask must reduce pore size.",False Cause
"After I changed my workout routine, I seem to have more luck with finding parking spots. Thus, the new routine must bring parking luck.",False Cause
"She started offering gift wrapping, and then she sold more gifts.",False Cause
"She started using a reusable shopping bag, and then she reduced her plastic bag consumption.",False Cause
"Every time I wear my lucky charm, I seem to have better luck with job interviews. Therefore, the charm must bring luck in careers.",False Cause
"He started sharing information about environmental issues on social media, and then he made a positive impact on the world.",False Cause
"Since I began using a different brand of facial cleanser, my skin appears clearer. Thus, the new cleanser must be clarifying.",False Cause
"He started making big changes in his community to address environmental issues, and then he made a positive impact on the world.",False Cause
"He started using video marketing to promote his business, and then brand awareness increased.",False Cause
"After I started using a different brand of hand cream, my hands feel softer. Therefore, the new hand cream must be more moisturizing.",False Cause
"The company started using recycled paper, and then they reduced their environmental impact.",False Cause
"After I changed my phone wallpaper to a motivational quote, I became more productive. Therefore, the motivational quote must inspire productivity.",False Cause
"Whenever I drink a specific type of tea, my headaches seem to dissipate. Hence, the tea must be headache-relieving.",False Cause
"Whenever I drink lemon water in the morning, I feel more refreshed. Therefore, lemon water must enhance morning freshness.",False Cause
"She started using natural cleaning products, and then she improved her indoor air quality.",False Cause
"He started listening to classical music while studying, and then his grades improved.",False Cause
"He walked under a ladder and then got into a car accident, so walking under ladders must be unlucky.",False Cause
"Whenever I wear a specific necklace, good opportunities come my way. Hence, the necklace must attract good luck.",False Cause
"Since I began wearing a certain brand of shoes, I haven't twisted my ankle. Therefore, these shoes must prevent ankle injuries.",False Cause
"Since I began using a different type of pillow, my neck pain has reduced. Therefore, the new pillow must be neck pain-relieving.",False Cause
"Whenever I drink a specific type of tea, my concentration seems to improve. Thus, the tea must be focus-enhancing.",False Cause
"He started working with engineers to address environmental issues, and then he made a positive impact on the world.",False Cause
"Since I started drinking green tea, I haven't caught a cold. Green tea must be preventing colds.",False Cause
"The company started being just in a better future, and then we created a better future.",False Cause
"He started being loving in a better future, and then we created a better future.",False Cause
"He failed his driving test on Friday the 13th, so Friday the 13th must be unlucky.",False Cause
"He started advocating for environmental policies, and then he made a positive impact on the world.",False Cause
"After I began using a different keyboard, my typing speed increased. Hence, the new keyboard must improve typing efficiency.",False Cause
"The company started making small changes in the world to address environmental issues, and then they made a positive impact on the world.",False Cause
"Since I started using a different type of pen, my handwriting has improved. Therefore, the new pen must enhance handwriting.",False Cause
"Every time I wear a certain necklace, I seem to have good luck. Thus, the necklace must bring good fortune.",False Cause
"He started being helpful in a better future, and then we created a better future.",False Cause
"They started working with students to address environmental issues, and then they made a positive impact on the world.",False Cause
"Whenever I listen to a specific type of music, my creativity seems to flow more freely. Thus, the music must be creativity-boosting.",False Cause
"Every time I see a black cat, something bad happens. Therefore, black cats bring bad luck.",False Cause
"Since I started using a different brand of hand cream, my skin feels smoother. Thus, the new hand cream must be smoothing.",False Cause
"The company started offering free consultations, and then they generated more leads.",False Cause
"Whenever I wear a certain pair of socks, I feel more energetic. Hence, the socks must boost energy levels.",False Cause
"He started using self-driving cars to transport goods, and then transportation costs decreased.",False Cause
"Whenever I wear a certain color, I have good luck. Therefore, wearing that color brings good fortune.",False Cause
"Since I began using a different brand of sunscreen, I haven't gotten sunburned. Hence, the new sunscreen must be protective.",False Cause
"Whenever I drink a specific type of tea, I feel more relaxed. Therefore, the tea must have stress-relieving properties.",False Cause
"After I began using a different type of pen, my handwriting improved. Therefore, the new pen must enhance handwriting.",False Cause
"Every time I wear my lucky ring, I seem to have better luck with sales. Therefore, the ring must bring luck with business.",False Cause
"He started offering referral bonuses, and then he got more customers.",False Cause
"The city implemented a new recycling program, and then the amount of waste going to landfills decreased.",False Cause
"They started working with everyone to address environmental issues, and then they made a positive impact on the world.",False Cause
"He started practicing the law of attraction, and then he manifested his dream job.",False Cause
"Every time I wear my lucky bracelet, I seem to have better luck with technology. Hence, the bracelet must bring luck with gadgets.",False Cause
"She started working with children to address environmental issues, and then she made a positive impact on the world.",False Cause
"Whenever I eat a certain type of fruit, my mood improves. Hence, the fruit must have mood-enhancing properties.",False Cause
"The company started being forgiving in a better future, and then we created a better future.",False Cause
"She started using a chatbot to answer customer questions, and then customer satisfaction increased.",False Cause
"She started supporting environmental organizations, and then she made a positive impact on the world.",False Cause
"Every time I study in the library, I perform better on exams. Therefore, studying in the library improves academic performance.",False Cause
"She started using public relations (PR) to get media coverage, and then brand awareness increased.",False Cause
"They started working with artists to address environmental issues, and then they made a positive impact on the world.",False Cause
"Every time I wear a certain color, I receive compliments. Thus, the color must be flattering on me.",False Cause
"Every time I eat chocolate, I feel happier. Therefore, chocolate must increase happiness.",False Cause
"Every time I wear my lucky necklace, I seem to have better luck with customer service. Hence, the necklace must bring luck with service.",False Cause
"Whenever I drink a certain brand of energy drink, I feel more energetic. Hence, the energy drink must be energizing.",False Cause
"The company started working with international organizations to address environmental issues, and then they made a positive impact on the world.",False Cause
"She started believing that she could make a difference, and then she made a positive impact on the world.",False Cause
"They installed bike racks in the parking lot, and then more employees started biking to work.",False Cause
"Every time I wear my lucky necklace, I seem to have good luck. Hence, the necklace must bring fortune.",False Cause
"They started having walking meetings, and then employee creativity increased.",False Cause
"After I started drinking herbal tea, my digestion improved. Hence, herbal tea must aid in digestion.",False Cause
"He started voting for candidates who support environmental policies, and then he made a positive impact on the world.",False Cause
"Whenever I drink a specific type of smoothie, I feel more energetic. Hence, the smoothie must be energy-boosting.",False Cause
"The company started using a cloud-based storage system, and then they improved data security and accessibility.",False Cause
"After I changed my study environment, my memory improved. Therefore, the new study environment must enhance memory.",False Cause
"Whenever I drink a specific type of tea, my digestion improves. Hence, the tea must aid in digestion.",False Cause
"They started using renewable energy sources, and then their environmental impact decreased.",False Cause
"They started being fair in a better future, and then we created a better future.",False Cause
"Whenever I drink a certain type of tea, I feel more alert. Therefore, the tea must be awakening.",False Cause
"Since I began using a different brand of hand soap, I haven't gotten sick as often. Hence, the new hand soap must be germ-fighting.",False Cause
"The economy tanked after the president was elected, so he must be the cause.",False Cause
"He downloaded a language learning app, and then he became fluent in Spanish.",False Cause
"After I changed my morning routine, I feel more prepared for the day. Thus, the new routine must improve readiness.",False Cause
"He started taking cold showers, and then he got a promotion, so cold showers must lead to success.",False Cause
"Whenever I drink a certain type of tea, I feel more relaxed. Therefore, the tea must have stress-relieving properties.",False Cause
"Ever since they built that new wind farm, we've had more storms, so the wind farm must be causing the bad weather.",False Cause
"The company started being kind in a better future, and then we created a better future.",False Cause
"She wore a green dress to the casino and won big, so green must be her lucky color.",False Cause
"She started drinking a new brand of coffee, and then she got a raise.",False Cause
"They started investing in energy efficiency, and then they made a positive impact on the world.",False Cause
"Every time I wear my lucky bracelet, my plants seem to flourish. Therefore, the bracelet must bring luck with gardening.",False Cause
"Every time I wear my lucky earrings, I seem to have better luck with negotiations. Therefore, the earrings must bring luck with deals.",False Cause
"The school implemented a new homework policy, and then students' stress levels decreased.",False Cause
"Whenever I eat a specific food for breakfast, I have more energy throughout the day. Hence, the food must be an energy booster.",False Cause
"After I switched to a different brand of sunscreen, I haven't gotten sunburned. Therefore, the new sunscreen must offer better protection.",False Cause
"She started being joyful in a better future, and then we created a better future.",False Cause
"Since I switched to a different brand of toothpaste, my teeth have become whiter. Hence, the new toothpaste must be responsible for whiter teeth.",False Cause
"After I switched to a different brand of toothpaste, my teeth became whiter. Therefore, the new toothpaste must be whitening.",False Cause
"The city implemented a new traffic light synchronization system, and then traffic congestion decreased.",False Cause
"Whenever I listen to music while studying, I perform better on exams. Thus, listening to music must enhance academic performance.",False Cause
"Every time I wear my lucky socks, my computer seems to run faster. Therefore, my socks must enhance technology.",False Cause
"After I started using a different brand of coffee, I became more alert in the mornings. Hence, the new coffee must increase alertness.",False Cause
"He started offering personalized products, and then he sold more products.",False Cause
"They installed a new stop sign, and then there were more accidents at the intersection.",False Cause
"She started using a sleep tracking app, and then she started sleeping better.",False Cause
"After I started drinking green tea, I lost weight. Hence, green tea must be responsible for weight loss.",False Cause
"Since I began using a different brand of eye cream, my dark circles have diminished. Therefore, the new eye cream must be brightening.",False Cause
"The company started offering employees incentives for carpooling or taking public transportation, and then they reduced traffic congestion and air pollution.",False Cause
"The company started reducing their waste, and then they made a positive impact on the world.",False Cause
"Since I began using a different deodorant, I've had fewer body odors. Hence, the new deodorant must prevent body odor.",False Cause
"She started being generous in a better future, and then we created a better future.",False Cause
"He started networking with other professionals, and then he got a new job.",False Cause
"She started working with musicians to address environmental issues, and then she made a positive impact on the world.",False Cause
"She started living in a better future, and then we created a better future.",False Cause
"After I switched to a standing desk, my back pain decreased. Thus, the standing desk must alleviate back pain.",False Cause
"They started making big changes in their operations to address environmental issues, and then they made a positive impact on the world.",False Cause
"The town experienced a drought after the witch moved in, so she must have cursed the town.",False Cause
"She started making small changes in her community to address environmental issues, and then she made a positive impact on the world.",False Cause
"She started taking vitamin C, and then she stopped getting colds.",False Cause
"Every time I wear a certain bracelet, I feel more confident. Hence, the bracelet must boost my confidence.",False Cause
"Whenever I drink a certain type of smoothie, my skin looks more radiant. Therefore, the smoothie must be skin-enhancing.",False Cause
"They started making big changes in the world to address environmental issues, and then they made a positive impact on the world.",False Cause
"The teacher started using a new teaching method, and then the students' test scores improved.",False Cause
"Since I started using a different brand of toothpaste, my gums stopped bleeding. Hence, the new toothpaste must strengthen gums.",False Cause
"My headache went away after I took that herbal supplement, so the supplement must have cured it.",False Cause
"After I switched to a new shampoo, my hair started growing faster. Therefore, the new shampoo must stimulate hair growth.",False Cause
"After I switched to a different brand of toothpaste, my teeth seem to have fewer cavities. Hence, the new toothpaste must be cavity-fighting.",False Cause
"I wore a blue shirt the day I aced my interview, so blue shirts must bring good luck.",False Cause
"Every time I wear my favorite hat, people notice me. Thus, wearing the hat must make me more noticeable.",False Cause
"The company started lobbying for environmental regulations, and then they made a positive impact on the world.",False Cause
"She started working with cities to address environmental issues, and then she made a positive impact on the world.",False Cause
"Every time I wear my lucky bracelet, my plants seem to flourish. Hence, the bracelet must bring luck with gardening.",False Cause
"He started making big changes in his own life to address environmental issues, and then he made a positive impact on the world.",False Cause
"They started working with communities to address environmental issues, and then they made a positive impact on the world.",False Cause
"After I switched to a different brand of deodorant, my sweating seems to have decreased. Thus, the new deodorant must be sweat-reducing.",False Cause
"He started believing in a better future, and then we created a better future.",False Cause
"Since I started using a different brand of hand cream, my skin feels smoother. Therefore, the new hand cream must be smoothing.",False Cause
"They started being collaborative in a better future, and then we created a better future.",False Cause
"The stock market always rises when she wears her red power suit.",False Cause
"They installed solar panels on the roof, and then their energy bills went down.",False Cause
"I found a penny heads up, and then I had a good day, so finding pennies must be lucky.",False Cause
"After I switched to a different brand of body lotion, my skin feels softer for longer. Thus, the new lotion must be long-lasting.",False Cause
"Since I began using a different brand of hair gel, my hairstyle seems to hold better. Therefore, the new gel must be styling.",False Cause
"The company started attending industry trade shows, and then they generated more leads.",False Cause
"Every time I wear blue, I feel calmer. Therefore, the color blue must induce calmness.",False Cause
"She started being ethical in a better future, and then we created a better future.",False Cause
"The company implemented a new employee wellness program, and then productivity increased.",False Cause
"She started being cooperative in a better future, and then we created a better future.",False Cause
"She started conserving water and energy, and then she made a positive impact on the world.",False Cause
"After I started using a different brand of laundry detergent, my clothes seem brighter. Therefore, the new detergent must enhance color.",False Cause
"Since I started using a different brand of sunscreen, my skin seems to burn less easily. Therefore, the new sunscreen must be protective.",False Cause
"After I switched to a different brand of mattress, my back pain disappeared. Thus, the new mattress must alleviate back pain.",False Cause
"Every time I wear my lucky ring, I seem to have better luck in negotiations. Hence, the ring must bring luck in business deals.",False Cause
"Since I started using a different brand of shampoo, my hair seems to grow faster. Thus, the new shampoo must promote hair growth.",False Cause
"He started being communicative in a better future, and then we created a better future.",False Cause
"She wore mismatched socks and then had a bad day, so mismatched socks must be unlucky.",False Cause
"Every time I wear my lucky bracelet, my plants seem to thrive. Thus, the bracelet must bring luck with gardening.",False Cause
"After I changed my bedtime routine, I seem to have more luck with online shopping. Thus, the new routine must bring luck with purchases.",False Cause
"She started using a budgeting app, and then she got out of debt.",False Cause
"Since I started using a different brand of body lotion, my skin feels smoother. Hence, the new lotion must be moisturizing.",False Cause
"He started using eco-friendly packaging, and then their environmental impact decreased.",False Cause
"He started being reliable in a better future, and then we created a better future.",False Cause
"She got a haircut, and then she met her soulmate.",False Cause
"She started using a time tracking app, and then she became more efficient with her time.",False Cause
"Every time I wear my lucky socks, I seem to have better luck with technology. Hence, the socks must bring luck with gadgets.",False Cause
"Whenever I drink a certain brand of energy drink, I feel more energetic. Therefore, the energy drink must be energizing.",False Cause
"The company started being open-minded in a better future, and then we created a better future.",False Cause
"Whenever I exercise in the morning, I feel more energized throughout the day. Thus, morning exercise boosts energy levels.",False Cause
"He started being healthy in a better future, and then we created a better future.",False Cause
"A bird pooped on my head, and then I got a promotion, so bird poop must be lucky.",False Cause
"Whenever I eat spicy food, I feel warmer. Therefore, spicy food must raise body temperature.",False Cause
"He started working with states to address environmental issues, and then he made a positive impact on the world.",False Cause
"Whenever I take a different route home, I encounter less traffic. Therefore, the new route must reduce traffic congestion.",False Cause
"Whenever I drink a specific brand of energy drink, I feel more motivated. Hence, the energy drink must increase motivation.",False Cause
"After I started drinking herbal tea, my digestion improved. Herbal tea must aid in digestion.",False Cause
"She started being empathetic in a better future, and then we created a better future.",False Cause
"After I switched to a different brand of laundry detergent, my clothes feel softer. Hence, the new detergent must be fabric softening.",False Cause
"Since I started using a different brand of hand cream, my nails seem stronger. Hence, the new hand cream must be fortifying.",False Cause
"Whenever I eat a certain fruit before bed, I sleep more soundly. Hence, the fruit must promote better sleep.",False Cause
"Since I began taking multivitamins, I haven't gotten sick. Therefore, multivitamins must boost the immune system.",False Cause
"Since I switched to a different brand of skincare products, my acne has cleared up. Thus, the new products must be acne-fighting.",False Cause
"The town installed a new water filtration system, and then there were fewer cases of the flu.",False Cause
"Whenever I eat a certain type of food before a workout, my endurance increases. Therefore, the food must enhance stamina.",False Cause
"They implemented a telecommuting policy, and then employee satisfaction increased.",False Cause
"They started partnering with other businesses to address environmental issues, and then they made a positive impact on the world.",False Cause
"Every time I wear my lucky socks, my team wins. Therefore, my lucky socks must be the reason we win.",False Cause
"They started using 3D printing to create prototypes and products, and then they reduced their time to market.",False Cause
"Since I switched to a different brand of detergent, my clothes smell fresher. Therefore, the new detergent must be responsible for the fresh scent.",False Cause
"She started using a meal planning service, and then she started eating healthier meals.",False Cause
"He started growing his own vegetables, and then he ate healthier and reduced his grocery bills.",False Cause
"The company started thriving in a better future, and then we created a better future.",False Cause
"They implemented a paperless office policy, and then they reduced their environmental impact.",False Cause
"The company started offering a loyalty program, and then customer retention increased.",False Cause
"Every time I take vitamin C supplements, I avoid catching colds. Hence, vitamin C must prevent colds.",False Cause
"They implemented a new customer service training program, and then customer satisfaction increased.",False Cause
"He always gets a raise after he buys a new tie, so new ties must bring him good luck.",False Cause
"Whenever I listen to a particular genre of music, I feel more creative. Therefore, the music must enhance creativity.",False Cause
"The company started donating to local charities, and then their brand reputation improved.",False Cause
"She started being imaginative in a better future, and then we created a better future.",False Cause
"He started using a refillable coffee mug, and then he reduced his disposable cup waste.",False Cause
"They started using a social media management tool, and then their social media engagement increased.",False Cause
"The baby started crying right when I walked in, so I must have scared her.",False Cause
"The company started using fair trade coffee, and then they supported ethical sourcing practices.",False Cause
"The team lost the game after the coach changed his shirt at halftime, so the shirt change must have been bad luck.",False Cause
"They implemented a matching gift program, and then they increased their charitable giving.",False Cause
"Since I began using a certain skincare product, my wrinkles have diminished. Therefore, the skincare product must reduce wrinkles.",False Cause
"Since I started using a different brand of toothpaste, my teeth seem whiter. Therefore, the new toothpaste must be whitening.",False Cause
"Whenever I wear my favorite bracelet, good things happen to me. Therefore, the bracelet brings me good luck.",False Cause
"Since I started using a different brand of body lotion, my skin feels more supple. Thus, the new lotion must be hydrating.",False Cause
"Since I began using a different brand of sunscreen, I haven't gotten sunburned. Hence, the new sunscreen must offer better protection.",False Cause
"He always gets lost when he uses his phone's GPS, so the GPS must be faulty.",False Cause